,count,mean,std,min,25%,50%,75%,max
R410_mean,204.0,0.10181689057787499,0.010980337749368302,0.06575671033151373,0.0950176013771605,0.10061614137609748,0.10869649409760083,0.13687768187671148
R410_std,204.0,0.02976598511285922,0.007873515097582261,0.016436086761767704,0.024662085012970965,0.028102677337479686,0.032764219341461,0.06174202247894692
R410_p25,204.0,0.08037635393659859,0.011185264267624196,0.05376344174146652,0.07274636812508106,0.08072661980986595,0.08725163526833057,0.11616161465644836
R410_p75,204.0,0.12009862711762681,0.013897488554872725,0.07567567378282547,0.1111111119389534,0.11827956885099411,0.12851157784461975,0.18592964112758636
R460_mean,204.0,0.0889270634629667,0.018904410479809477,0.05166119506596993,0.07731110315126725,0.0868019346936153,0.09515606902514354,0.1972502968598654
R460_std,204.0,0.033466938700131774,0.01213468471111859,0.013635085399415405,0.025872647819282772,0.030139852957489114,0.03698442338771478,0.11378913584846496
R460_p25,204.0,0.06528192728429157,0.015016700035881108,0.03547963127493858,0.05589904263615608,0.06327430158853531,0.07254423201084137,0.15845667570829391
R460_p75,204.0,0.10859325791106504,0.02362783892531579,0.06200527772307396,0.09396022371947765,0.10445738583803177,0.11685377731919289,0.2364066243171692
R670_mean,204.0,0.1116722363450219,0.07378278846582088,0.049981119054975744,0.07909874322845464,0.0906146559543311,0.11357706695834713,0.5896255509498196
R670_std,204.0,0.05487650795499401,0.04153544966222447,0.01310761617981073,0.029215025157825827,0.039881738531112335,0.061271820124967014,0.25112949295473747
R670_p25,204.0,0.07446148537793289,0.051987742418649056,0.027027027681469917,0.054363761097192764,0.06476086005568504,0.07664315216243267,0.4943041205406189
R670_p75,204.0,0.1379278111819397,0.09864214691083929,0.06067056953907013,0.09476381726562977,0.10882466286420822,0.13351772725582123,0.699009895324707
R700_mean,204.0,0.3053208056693176,0.10542479547980696,0.14054621274772086,0.2187907662763338,0.3012252814635108,0.35875896127453927,0.6997378004912342
R700_std,204.0,0.0928987247578928,0.036937222317445555,0.027885929709824554,0.06138989782169171,0.08913672565623237,0.11738848954801821,0.22242516842661278
R700_p25,204.0,0.24268918259836295,0.08854493423843722,0.08430054783821106,0.17897380515933037,0.231138214468956,0.28499437123537064,0.6111429929733276
R700_p75,204.0,0.36557116637042925,0.13070685308068425,0.16801853477954865,0.257007360458374,0.35739874839782715,0.4288659170269966,0.812230795621872
R800_mean,204.0,0.7293719854795123,0.0448380935487291,0.5805492644530403,0.7015146520563612,0.7378840410983215,0.7580854944955451,0.8545050814263824
R800_std,204.0,0.1567688650417268,0.025152489219287172,0.09798170054356543,0.13956217344261457,0.15621590065738003,0.1723477602027243,0.24105570854447728
R800_p25,204.0,0.6403598958516822,0.061288471755501686,0.4416058361530304,0.6058080345392227,0.6479440033435822,0.6847858875989914,0.771264374256134
R800_p75,204.0,0.8449525852121559,0.04870287454740257,0.7001239061355591,0.8140858262777328,0.8474371433258057,0.8786114007234573,0.9847522377967834
FRI_mean,204.0,-2.849289870709386,1.8418145827867471,-7.46424019020456,-4.13205304046621,-2.8609548972698287,-1.8044894810448688,2.733590001964082
FRI_std,204.0,4.005212248918222,1.3060696935208014,1.1846278793547835,3.0275090173991934,3.807729770092573,4.783799662164712,7.742851251604521
FRI_p25,204.0,-3.7023287070098942,2.0792744460438444,-9.783333829637225,-4.995857047567375,-3.4593867086598475,-2.2997973591487595,1.872868005036299
FRI_p75,204.0,-0.7580107467372817,1.468297188161966,-3.8929618369344894,-1.620478415814766,-0.8869079043426469,-0.17706461182634597,4.282878191338879
NDRE_mean,204.0,0.42866206284155256,0.13562479609303923,0.0658214962660598,0.33783109028236435,0.42261856626901034,0.5354200845372419,0.679974222191884
NDRE_std,204.0,0.08012222362001944,0.030472027208323142,0.04021745078299487,0.06005790089642017,0.07131363867841486,0.0864317107381582,0.20620578147316912
NDRE_p25,204.0,0.37843470125911094,0.14992023892396938,0.03170722641832227,0.2795771939747298,0.3642108288703614,0.4950962845051981,0.6583047165643674
NDRE_p75,204.0,0.48571120774079246,0.13394785067174303,0.08258817478599556,0.40323527327384695,0.4961719949507978,0.5910711392828754,0.7131476150310404
NBI_mean,204.0,-0.222710981094169,0.27750770997988355,-1.5601997974481188,-0.3214952509854159,-0.1888746053050489,-0.09815181207201906,0.6221587258909514
NBI_std,204.0,7.833445432902819,7.895159604328543,0.0990167436957478,1.7510291903460222,5.448236934448348,11.378515173847433,44.644371227702216
NBI_p25,204.0,-0.31614269320294736,0.1974806747218541,-0.8568227134591098,-0.41849356611901933,-0.27011377331637487,-0.18236474281108817,0.30771005322485334
NBI_p75,204.0,-0.018583224874657026,0.19135564666175875,-0.259660893739529,-0.11347772748636588,-0.06425421584370762,-0.03189012247570606,0.9277404599255976
logR460_R410_mean,204.0,-0.18014797402275456,0.1403110144410563,-0.41924105980625864,-0.27848349515380943,-0.19749579618969265,-0.123471042357714,0.4401348097478113
logR460_R410_std,204.0,0.17893224996262233,0.06170497086541725,0.07960098372737022,0.13935439462170346,0.16492492757342736,0.20328402673328985,0.5598523325064836
logR460_R410_p25,204.0,-0.2713820290732988,0.1231882106495777,-0.5266186156807541,-0.3565022061617586,-0.2827829509920088,-0.20722892534096843,0.2777664908222219
logR460_R410_p75,204.0,-0.07192271339211519,0.16190075142723745,-0.3063244129751523,-0.16032621598228852,-0.0986913629825675,-0.019896682255887976,0.7232611782409328
R670_R460_mean,204.0,1.2103093047462354,0.5240149582536572,0.8433272035202007,0.9205364458612811,1.044220873577673,1.281907910824749,5.587638635133592
R670_R460_std,204.0,0.36072181611871085,0.35182157732396363,0.050917075161943076,0.10721465155213115,0.21642031961954838,0.5012150024236127,1.6565214002137323
R670_R460_p25,204.0,1.0057852042248985,0.36547232275036284,0.7787584735556243,0.8685694437065792,0.9146881859271518,1.0155577502135003,4.773682165485045
R670_R460_p75,204.0,1.297320132160916,0.674215788536263,0.8725213260836804,0.9469743624367373,1.0791971117106796,1.3278841384802662,6.512471815056899
R800_R460_mean,204.0,9.150162873259315,1.388954387911049,4.234395197853879,8.343724862936238,9.331800209656821,10.004380322334072,13.440337749697564
R800_R460_std,204.0,2.272930020482377,0.6016541850240136,0.9468546170585685,1.8517527203913595,2.2883601342278084,2.6211697477927793,4.118272468196663
R800_R460_p25,204.0,7.595541083277041,1.2778502855158222,3.3235530433800213,6.9026822266085155,7.66130436422538,8.48547443520927,11.519221731219355
R800_R460_p75,204.0,10.570874805697764,1.6631584159352093,4.684668635107149,9.512287503976017,10.731049289295246,11.627177607083606,15.186879618304795
FRI_x_NDRE_mean,204.0,-1.3932139574767626,0.865265421779262,-4.046602668983849,-1.967574451874316,-1.3038723565331407,-0.824758663965086,0.4607906980090773
FRI_x_NDRE_std,204.0,1.987685720693234,0.8746732227744396,0.25147536270417203,1.373183646027398,1.822143000475013,2.501746124038741,4.89632320745304
FRI_x_NDRE_p25,204.0,-1.7060429548289087,1.091386663005627,-6.7474680790152775,-2.332185284551401,-1.5611901852056103,-1.034959369664887,0.2443092758217083
FRI_x_NDRE_p75,204.0,-0.3856225777655472,0.5228732004954644,-1.867757929417905,-0.7009252039485299,-0.36156856074825394,-0.057550254637885274,0.9338719698931132
logNBI_mean,204.0,0.08016167718305052,0.09270307035372335,0.00018325100443651563,0.008593890940104945,0.050737031311149844,0.12419117581253482,0.5192972815404404
logNBI_std,204.0,0.26487414646568086,0.16110774803764188,0.01364017789504864,0.11697393323430057,0.27857622488066414,0.38009086482004206,0.6565078267745246
logNBI_p25,204.0,0.0022351753452281953,0.02011832965091224,1.000000082690371e-10,1.000000082690371e-10,1.000000082690371e-10,1.000000082690371e-10,0.2682775548980585
logNBI_p75,204.0,0.04581320664957084,0.12075633567399889,1.000000082690371e-10,1.000000082690371e-10,1.000000082690371e-10,1.000000082690371e-10,0.6563485709574883
NDVI_mean,204.0,0.7515505949106208,0.1112151994905016,0.1322375866311191,0.7442818708638325,0.7838467100841755,0.8113285600446534,0.849999575303509
NDVI_std,204.0,0.08691143903827372,0.048955431669855984,0.035209152957765215,0.05508499201293733,0.06756998307529416,0.10337065992068736,0.2956794027006381
NDVI_p25,204.0,0.713127914842113,0.1445891130415046,0.06476094238442096,0.7154098191528617,0.7579709547764371,0.7875121372720381,0.8387541085652447
NDVI_p75,204.0,0.8101676930103392,0.09061161165479019,0.1584645299234148,0.8062055657144465,0.8293205243068884,0.8486611494818789,0.8859972486227473
GNDVI_mean,204.0,0.6042637606567338,0.16402945262127377,0.24283504608834058,0.47077357052204594,0.5970193967267816,0.7770548627737959,0.8749630350102082
GNDVI_std,204.0,0.07676518573085687,0.03366541708245556,0.03258127466543735,0.05228081373058764,0.06859233717881276,0.09067645193909853,0.23082495329199004
GNDVI_p25,204.0,0.5559639681842831,0.17897943171793404,0.16948128465364717,0.4065500021074413,0.5611440770304008,0.7375424684795528,0.860700354351139
GNDVI_p75,204.0,0.6567466165414697,0.1619611136879946,0.27735717198704046,0.5373633750573139,0.634089638108025,0.8228865017565254,0.898429185482068
ARI_mean,204.0,4.704884818230288,6.00816452864231,-0.7759935420656265,0.1869475528521851,0.7651131368609163,9.535922534421777,21.755318686506225
ARI_std,204.0,4.0628953201963665,4.124054062662217,0.2528370942431544,0.7042101397464582,1.4883958585088586,7.518422552648373,14.694589752200399
ARI_p25,204.0,2.3560644994165574,3.600699410547406,-1.1098165490243321,-0.07672126089738962,0.24940884495182924,5.5481233855956775,13.280106991940055
ARI_p75,204.0,5.752301963314526,7.401283222463194,-0.5261758522471469,0.20706465738736524,0.7043328073448945,12.39957342293715,25.782449619166627
RVSI_mean,204.0,-0.04517828415064657,0.015273167476561404,-0.07080182004928304,-0.05787436462623778,-0.0468345140828504,-0.03582493394846346,-0.0015756581490125067
RVSI_std,204.0,0.015411256709087584,0.0037443458117712857,0.003791922370037476,0.013308073390735265,0.015038776596385499,0.01763019618349176,0.027107359565209054
RVSI_p25,204.0,-0.0563395976399382,0.01666927558264528,-0.0808660089969635,-0.06917531508952379,-0.05966823920607567,-0.04606388695538044,-0.003870941698551178
RVSI_p75,204.0,-0.03530250121862171,0.01627945136585242,-0.06428919732570648,-0.049308366142213345,-0.03565281629562378,-0.024467501789331436,0.0010346041526645422
ZTM_mean,204.0,1.76721571544376,0.4098675670255946,1.0802953225771326,1.4624409029373748,1.6785269052488294,1.9966592974492265,2.8704810730897394
ZTM_std,204.0,0.21552207055463288,0.09829541370075649,0.05251947219757934,0.14604752095104548,0.19205398494470893,0.271373996132882,0.5295189542151009
ZTM_p25,204.0,1.61925395876673,0.39002443223087446,1.0442207546219335,1.3371827603918582,1.4992568344030894,1.828666196299228,2.692269390771694
ZTM_p75,204.0,1.9116299081238781,0.45535428667030103,1.1017570179326972,1.569366942097424,1.8312862901117908,2.2179614433696933,3.086870419422945
CRI_mean,204.0,3.4732433769560407,2.5101921132748974,-1.514257137505929,0.9871828363801198,4.017539564609503,5.50447561571541,9.264936439446743
CRI_std,204.0,2.5740953897837255,0.9809130180981495,0.6815946348347378,1.9014202223027106,2.419661516202468,3.0937882832263504,6.1296570362850495
CRI_p25,204.0,1.9488468236442194,1.9817252637879406,-1.869835207856985,-0.1565267623792237,2.520382031312675,3.5758903873729784,5.519890506637068
CRI_p75,204.0,4.409804844620892,2.851589242304105,-0.5145629286835391,1.7035508321551374,4.822094245554673,6.52537877150617,14.411469013542279
PRI_mean,204.0,-0.025373519465862405,0.0317140391796459,-0.11957770009558107,-0.0452129235917046,-0.02280979109930141,0.0008613634817104503,0.025881586052355948
PRI_std,204.0,0.0289629905709089,0.011595216828473925,0.011065713019697464,0.018879742642914577,0.02762876919778888,0.036482668410329204,0.06700802388597928
PRI_p25,204.0,-0.041581371472927675,0.03799596968322762,-0.15344014439091325,-0.06496565042715105,-0.03966943173375867,-0.007202803045844625,0.017661503305428285
PRI_p75,204.0,-0.005068568584170759,0.027043861615329096,-0.0863938564283638,-0.02048274569047788,0.0011534321404424422,0.016129742337663285,0.0371346698002258
mARI_mean,204.0,2.9657940296656746,3.813845276658209,-0.5584839854103694,0.10938658974401018,0.48278475652088304,6.329775060851314,13.43134505025979
mARI_std,204.0,1.6898044563289045,1.7023534223876122,0.1297710304174338,0.27283659128043275,0.6316782367407401,3.3646936695535956,5.571859220121925
mARI_p25,204.0,1.8110707350384707,2.768099062594627,-0.7940074745902873,-0.05947590664252639,0.20519784563407403,4.069592211439625,10.51194357668917
mARI_p75,204.0,3.7967704579454757,4.8090469916601375,-0.42738635291756,0.1539797376410164,0.47060879013157,8.289407221578426,15.822443521828
SIPI_mean,204.0,1.123958278629875,0.4721187221666431,0.9804990575930966,0.9941615235147891,1.0106015374473771,1.0646274289716038,6.2610693137855415
SIPI_std,204.0,0.211263996364502,0.5328227658905733,0.008662798290114192,0.02069207735924991,0.04460990556347297,0.150293988419968,4.358209600779225
SIPI_p25,204.0,1.0266580165513548,0.22964033048185495,0.974498873560077,0.9867256823415103,0.9923679239810268,1.0016462017208678,3.6733090768424366
SIPI_p75,204.0,1.148760987065532,0.6562392503836403,0.984439816062574,0.9973771312683366,1.0132220995862629,1.0413032972141596,8.648864640770181
WBI_mean,204.0,0.9597023911040778,0.017323590597661646,0.9256984750753149,0.9461301158890781,0.9566327355845756,0.9722169089290807,1.0035235017703545
WBI_std,204.0,0.027205318764667127,0.005497822431448259,0.019150722896030453,0.023560187748980367,0.025636403788365528,0.02935203975547466,0.05274613873347585
WBI_p25,204.0,0.9457519981127525,0.017982153469478516,0.9057649314715913,0.9311468083315403,0.9428514392298113,0.958907629135302,0.9908685044416594
WBI_p75,204.0,0.9760664038999773,0.01657041996666627,0.9421843688168728,0.9631634861577525,0.9736432719003623,0.9871153623892873,1.0174418434444286
REP_mean,204.0,717.4282668257331,6.981820089453295,700.2395935931434,712.0359895057998,716.9777180037879,722.1366291621061,732.3715381997066
REP_std,204.0,15.131777012222381,79.17632381178825,1.945190147475745,3.273040834617758,4.302575421471564,6.120936191939283,1057.3093644540227
REP_p25,204.0,714.306713960513,7.850587016270599,696.1548008680767,708.8756368284445,713.0840244700232,719.7164898209292,730.5964603507447
REP_p75,204.0,720.5480247731259,7.0888488801195635,704.8698731245008,715.0365546439692,720.0081839420762,726.1712362915298,740.4825198214074
BES_mean,204.0,-0.0007896859722356887,0.00024358697466608014,-0.0012456024656741652,-0.0009465580859963073,-0.000827918566221397,-0.0006916532773706637,0.0007500645509614548
BES_std,204.0,0.00033672153737939316,0.00016317463040265104,0.00019295048908713936,0.0002544511896340919,0.00028703949374897085,0.00034827791311410324,0.0016394265301425378
BES_p25,204.0,-0.0010162602222579366,0.0002016167515058484,-0.0014121004939079286,-0.0011575428396463396,-0.0010437525436282156,-0.0009120759367942811,7.620304822921752e-05
BES_p75,204.0,-0.0005907435851701189,0.0002890286495407035,-0.001096167117357254,-0.0007640989497303963,-0.0006313095986843109,-0.0004868979379534722,0.0012570098042488098
FLAVI_mean,204.0,6.658131624609105,2.3468880877534986,1.9543645530324605,4.926294762185726,6.0551800627266665,7.888698048700489,14.763008188620345
FLAVI_std,204.0,4.9614685457610515,2.777838215105485,1.3982661343469638,2.9885275293179143,4.048133413506639,6.35300676005434,16.338218151398372
FLAVI_p25,204.0,4.335092666827715,1.5235591969159954,1.3830258205822523,3.284630400581245,3.919717263939293,5.524530930111277,8.06598341748691
FLAVI_p75,204.0,7.45826172712559,2.7552099983401517,2.0752213115707514,5.584982991764978,6.994174891007673,8.667699969815029,21.3706061736111
snv_R397,204.0,-0.9267218779259707,0.16060881290248086,-1.7786686792723656,-0.9767524294033424,-0.8731312609521867,-0.8235343403279559,-0.7288381594780596
snv_R400,204.0,-0.989560083757289,0.16775818795770395,-1.8548548476851834,-1.0410076383310516,-0.9317216055918309,-0.88281047601722,-0.7903188498525778
snv_R403,204.0,-1.0300076938511717,0.1723967299156731,-1.9053701225238848,-1.0839743066203633,-0.9721399248664282,-0.9207971807547681,-0.8295840721056187
snv_R406,204.0,-1.0579304061513368,0.17519995979580835,-1.936975920413837,-1.1145621322834791,-0.9982687326796384,-0.9434063978367986,-0.8618669404937552
snv_R409,204.0,-1.0767082756456465,0.1764451592569693,-1.9511913617427488,-1.1343070510386122,-1.0166753359855893,-0.9614955110444984,-0.8816716175902121
snv_R412,204.0,-1.0938905133858918,0.17736729287186123,-1.9636814024309461,-1.152533246619015,-1.0349173608608657,-0.9804558669115662,-0.8994566105380931
snv_R415,204.0,-1.1073852749702024,0.17747702233123586,-1.965038771012008,-1.166385086788969,-1.0489271568307017,-0.9912308094579192,-0.9121108370581678
snv_R418,204.0,-1.117756974470086,0.1772982890733433,-1.9628430631576377,-1.1771537577872593,-1.059863015543148,-1.0017590387528903,-0.9262888608079113
snv_R420,204.0,-1.1253362698765577,0.17593456695451526,-1.9505091068119107,-1.1852890289704665,-1.0693470601647916,-1.0104575348922276,-0.9350517560291056
snv_R423,204.0,-1.131037079497633,0.17407937331297246,-1.932262518959812,-1.1910252276758497,-1.0756370321706998,-1.0186431770231144,-0.9441722005003159
snv_R426,204.0,-1.134412589353573,0.17169949804171367,-1.9102612052388062,-1.19374143109398,-1.0786129393573693,-1.0228036019630409,-0.951702933586266
snv_R429,204.0,-1.1358852498248433,0.16879017572233018,-1.8809767621721427,-1.1931543827856468,-1.0800710182393027,-1.0260882977209973,-0.9553382548774009
snv_R432,204.0,-1.135546421587937,0.1654921462093626,-1.857989756174385,-1.1924320821828174,-1.0777299425309175,-1.0271932414446403,-0.9587603977074016
snv_R435,204.0,-1.1345305755094592,0.16228840658696247,-1.842945096999581,-1.193071660511491,-1.0783154235616528,-1.0249057973372955,-0.9603880600486062
snv_R438,204.0,-1.1325131810465439,0.15877176851058486,-1.8270069229397856,-1.1915752847912866,-1.0750300025109234,-1.0241524310064947,-0.9608241370570634
snv_R441,204.0,-1.1295792133191949,0.15541538390777437,-1.8125169984297915,-1.1877245843909165,-1.0735186273130553,-1.022553652786742,-0.9611085523934761
snv_R444,204.0,-1.1269414208022328,0.1522822182198462,-1.7996904487736278,-1.1860957351554553,-1.0732239000377377,-1.022069221986082,-0.9620671348567854
snv_R446,204.0,-1.1237718612097445,0.14911063532416424,-1.7870612077505845,-1.183769159804362,-1.0729615392639147,-1.0208715624790246,-0.9618310289786334
snv_R449,204.0,-1.12140752283505,0.14607247246247737,-1.7786133949790874,-1.1825178755634504,-1.073622150100944,-1.0208744198980138,-0.9622025697888777
snv_R452,204.0,-1.119332449773363,0.1429503548752988,-1.768019009228046,-1.1826902372064456,-1.0730245419268294,-1.0211070321675826,-0.9634394869652947
snv_R455,204.0,-1.1183603873316526,0.14002503719188053,-1.7566579720183972,-1.180842034310382,-1.0732873128059655,-1.0221571251906143,-0.9648887382756816
snv_R458,204.0,-1.1178100513052136,0.13721736486751981,-1.7438940240876375,-1.1799690016756026,-1.0741073620869162,-1.0239474190891704,-0.9664768099025837
snv_R461,204.0,-1.1180877369919082,0.13451480216213813,-1.730515423780318,-1.180014136413917,-1.0755915559083427,-1.0256814889418495,-0.9680733618068759
snv_R464,204.0,-1.1185987292505861,0.13206755664004668,-1.71613536486613,-1.1791300706636236,-1.0773628443492678,-1.0265562179802021,-0.9689135450152424
snv_R467,204.0,-1.119550365115222,0.13001133798953443,-1.7048308986738507,-1.1803835582299873,-1.079336706320143,-1.0288613283628092,-0.9703920608239206
snv_R470,204.0,-1.1210429096431322,0.12859001108982257,-1.6955992669334004,-1.181565617339392,-1.0814178857753594,-1.03070064035468,-0.9724387722155357
snv_R473,204.0,-1.122265258268903,0.127812008508552,-1.690739814086858,-1.182433934792854,-1.0832512620920292,-1.0322924661652122,-0.9730919823095016
snv_R476,204.0,-1.1240449365806622,0.1276328840771853,-1.6917044630401412,-1.1842393315253048,-1.0847783667622966,-1.034247604804759,-0.9750693736050476
snv_R478,204.0,-1.1251259650443728,0.12733208268515306,-1.6924785329457803,-1.1850108353754247,-1.0856854177816753,-1.0365707302684328,-0.9766982123289807
snv_R481,204.0,-1.126456877332874,0.1266406610990639,-1.6913442767575178,-1.1850495586411398,-1.087562491506615,-1.0380514391976807,-0.9788876225017193
snv_R484,204.0,-1.1263178401678857,0.12464083391647252,-1.6829402490186123,-1.1842406590841816,-1.0885757361117343,-1.0395354839798379,-0.9796090745873941
snv_R487,204.0,-1.1258435704999845,0.12139922898604819,-1.66758871521577,-1.1839101065625703,-1.0894018219550883,-1.0409300602631761,-0.9806692444722365
snv_R490,204.0,-1.1228534260551937,0.11622098390872612,-1.6391515294290464,-1.1803227386498658,-1.0894172524202586,-1.0411547122919655,-0.9811154048436603
snv_R493,204.0,-1.118998327001834,0.10958404797775545,-1.6025222808713417,-1.1757872014704192,-1.0883096125287008,-1.040985206779329,-0.9815263436437075
snv_R496,204.0,-1.1124463014974488,0.1011365334745646,-1.555183981315144,-1.167178933657684,-1.0861619684171542,-1.0389466742943703,-0.9802727635487849
snv_R499,204.0,-1.1045089451300805,0.09118650572753695,-1.498108969319739,-1.1560335743626862,-1.0853679603744852,-1.0367411823224528,-0.97918721216009
snv_R502,204.0,-1.0928724180199343,0.07959333747662055,-1.4287455695789686,-1.1377007854824308,-1.0786502974983239,-1.0304196315534964,-0.9757947216574815
snv_R505,204.0,-1.0786880696998284,0.0675482673867176,-1.3518559481836439,-1.116495201945641,-1.0673045224391138,-1.026205247216409,-0.9718403211276193
snv_R508,204.0,-1.0602860964077558,0.05648380677079621,-1.3416847456092995,-1.0852176129764943,-1.053910107884514,-1.018603075329911,-0.9659158747140909
snv_R510,204.0,-1.0384805416304117,0.05074023683036914,-1.3439031333261688,-1.05640121302999,-1.0292214081134208,-1.0061006329336488,-0.958824669188136
snv_R513,204.0,-1.0120429843619283,0.05505448443282374,-1.346231657937814,-1.039555497644497,-0.999478576748428,-0.975430959832141,-0.88606119836474
snv_R516,204.0,-0.9821844154432203,0.06978493274289448,-1.3481061439021125,-1.022502624900448,-0.9636071690389093,-0.9420676449051629,-0.7923741628155817
snv_R519,204.0,-0.9484537382254257,0.09107226057267344,-1.3490861219181771,-1.0161491109289866,-0.9242545351288869,-0.8948859475632145,-0.6998623742549803
snv_R522,204.0,-0.9136789848453037,0.11498981691624502,-1.3514385351414764,-1.0087767851003977,-0.8880542293326839,-0.8414969684436545,-0.6130930087763408
snv_R525,204.0,-0.8797998448388321,0.13870261294110042,-1.3526240404511345,-1.0057718906775064,-0.8540305727358424,-0.787929909652699,-0.5343831468277332
snv_R528,204.0,-0.8490097520639737,0.16062160584325702,-1.3536384123054508,-1.0001297713275852,-0.8195068352041266,-0.7385954736610458,-0.46542915441867516
snv_R531,204.0,-0.8231078055664665,0.17919471139892526,-1.3546025930161059,-0.9989408883500261,-0.791615421626512,-0.6960687967052799,-0.4091646200655713
snv_R534,204.0,-0.8022809034399604,0.1944986739236855,-1.3555870180297982,-0.9987907602086785,-0.7717769177233906,-0.6630254327091958,-0.3626095343423712
snv_R537,204.0,-0.7858025948006161,0.20668141499805756,-1.3562592912579683,-0.9988199093232577,-0.7567975632122398,-0.6357346515163456,-0.3265112447961194
snv_R540,204.0,-0.7734000733566437,0.21633011370946464,-1.3569737254769918,-0.9988999353363328,-0.7399067664740908,-0.6143462251415386,-0.297478376433533
snv_R543,204.0,-0.762505019193809,0.22451870275010394,-1.3569163755818936,-0.9978420059215891,-0.7285944927650403,-0.5972051798048115,-0.2717672314096734
snv_R546,204.0,-0.7538260386041982,0.2311586577854166,-1.3567784472747089,-0.9971600715983631,-0.7187063118739343,-0.5857202234913296,-0.2511239068619651
snv_R549,204.0,-0.7458757976431543,0.23662948505944625,-1.3556308885184656,-0.9956986798926353,-0.7095831509089399,-0.5753626223903063,-0.2303560413930891
snv_R551,204.0,-0.7398775089112476,0.24081092125738432,-1.3535811398652797,-0.9938478596259746,-0.7030025626188314,-0.5671976591630037,-0.2106397543529457
snv_R554,204.0,-0.7363897465298724,0.24266500286085177,-1.350939486014714,-0.9916374487734382,-0.7012001003327866,-0.5639668866358488,-0.19791921966789447
snv_R557,204.0,-0.738614989258242,0.2410025401554391,-1.3484730117873482,-0.9907454717643815,-0.708686359757106,-0.5639447147888178,-0.1966306900705369
snv_R560,204.0,-0.7435503540232292,0.23688366693770488,-1.3440865098109451,-0.9892599427859285,-0.7198533686760511,-0.5696722256692881,-0.19906618649915636
snv_R563,204.0,-0.7531947717189362,0.2300586823811324,-1.3390493024148433,-0.9880683364356682,-0.7349591430360449,-0.5872786812374752,-0.20906754705989797
snv_R566,204.0,-0.7647779203878419,0.221631556743513,-1.3316102167063664,-0.9839701777532931,-0.7551423808570245,-0.6041925370893115,-0.22207651400917736
snv_R569,204.0,-0.7803940787992228,0.21110887374960888,-1.3230620782227165,-0.9827542576976926,-0.7821932505718885,-0.6335804890678395,-0.24055983910167336
snv_R572,204.0,-0.7964388781479999,0.19958484535041549,-1.3108648930190057,-0.9817604223238151,-0.8073109887961267,-0.6619035245170919,-0.23504233203335217
snv_R575,204.0,-0.8113491515453914,0.18856779376852822,-1.2962503494733046,-0.9801784151345239,-0.8305191422336315,-0.6841787170608262,-0.22505282452024128
snv_R578,204.0,-0.8226142204489242,0.17896251737101432,-1.2767605044079227,-0.9742415755242702,-0.850322329539466,-0.7124729920646093,-0.2154418015228093
snv_R581,204.0,-0.8322778891408059,0.17026305100522013,-1.2538086914224196,-0.9705131713256461,-0.8672084387477099,-0.7336324248473125,-0.20911477164210732
snv_R584,204.0,-0.838324010940054,0.16313514173557347,-1.2250105108529896,-0.9646363969892001,-0.8769079775027471,-0.7476969921135859,-0.19806471538524353
snv_R587,204.0,-0.8431468719870904,0.15680677847717142,-1.1909004302455517,-0.9532373069263024,-0.8870085149467203,-0.764623330648068,-0.19064120374893637
snv_R590,204.0,-0.8453265933410273,0.15146741914147638,-1.149569523273257,-0.9447043650896367,-0.8930815281761548,-0.7783095576662226,-0.18088624802811837
snv_R593,204.0,-0.8438460467819198,0.14836313269101878,-1.100381011815979,-0.9371731714920438,-0.895568109841467,-0.7855996161028134,-0.1642275449974609
snv_R596,204.0,-0.8411480095385805,0.14552099963710782,-1.0753074674977314,-0.9280580044861085,-0.8920429827262595,-0.7910054731771705,-0.15268095827667313
snv_R599,204.0,-0.8375614451546438,0.14393407455892274,-1.0645776074534345,-0.9256401259272419,-0.885099780812763,-0.7925046950904536,-0.13933454139457935
snv_R602,204.0,-0.8338988206066948,0.14282858559852057,-1.0503129333317776,-0.9231406284403054,-0.8871589753786209,-0.7957497775497457,-0.12427093500958877
snv_R605,204.0,-0.8326564669128111,0.14206961248838254,-1.0338109207189576,-0.9205914791656331,-0.8828591688608197,-0.7861952916086904,-0.11169749086318376
snv_R607,204.0,-0.8348629456377986,0.14103579484430245,-1.0146089456323313,-0.923791152507859,-0.8841999669830167,-0.7928985246040501,-0.10630944504036635
snv_R610,204.0,-0.8391904910215405,0.14117747525692287,-0.9926693926159189,-0.9288499441717697,-0.8836712206593507,-0.8018079513829243,-0.10175658407265514
snv_R613,204.0,-0.8451884809343916,0.14155218324955285,-0.9689746916650094,-0.9368916098218507,-0.8819175615787076,-0.8154804273080056,-0.10114953533782443
snv_R616,204.0,-0.85145269212419,0.14340843579426785,-0.9760022249635283,-0.9446524866638002,-0.8896553143662422,-0.8288132587396614,-0.09676825215440606
snv_R619,204.0,-0.8553665356582407,0.14605572400632166,-0.9822062255593467,-0.955027446118139,-0.8902845593536524,-0.8345669517648177,-0.08647552475755418
snv_R622,204.0,-0.857161765814237,0.14989157911970447,-0.9877093814756845,-0.9611989894953324,-0.8892249406899838,-0.8294893713891937,-0.06592640620910517
snv_R625,204.0,-0.8548974361312327,0.15476979314638836,-0.9897311381118009,-0.9637667513089103,-0.8893319047746429,-0.8259395300127883,-0.04320201046244758
snv_R628,204.0,-0.8523210365839557,0.15965668835442676,-0.9918553581515637,-0.9658040518079034,-0.8888292862164604,-0.8172410383871073,-0.02463052939778391
snv_R631,204.0,-0.8494804696877754,0.1646688287423563,-0.9936192984907081,-0.967042038547888,-0.8877028790316621,-0.8097285497593935,-0.005954037715821823
snv_R634,204.0,-0.8524552804389222,0.16866456185114986,-0.9979891110531336,-0.9725350003134263,-0.8928116766015746,-0.8074662008461556,0.008338093832823572
snv_R637,204.0,-0.8618090181966152,0.1713855497494073,-1.0056256620418085,-0.9773345877029155,-0.907714431378323,-0.8176517107174623,0.021811065733827892
snv_R640,204.0,-0.8791557560642744,0.17198507644821337,-1.021101077663687,-0.9894508131779275,-0.9289622964463009,-0.8316431121313087,0.026766864632226585
snv_R643,204.0,-0.8990353744819662,0.1721844766192729,-1.0500480208854344,-1.0040997994274807,-0.9526470992116824,-0.8607859061809375,0.06640344853878861
snv_R646,204.0,-0.9196974860568845,0.1719990147370032,-1.0772771572268298,-1.0180474211504529,-0.9675438557320585,-0.8923653234698977,0.11614370953854948
snv_R649,204.0,-0.9343937035941553,0.1732185982657558,-1.0962648991760215,-1.0286664192871557,-0.9790882037786541,-0.9116452455312619,0.167437982966972
snv_R652,204.0,-0.9443403937233418,0.17480349480371726,-1.1086597959136235,-1.040214507077374,-0.9895949236455701,-0.9225821316504834,0.21206256894509368
snv_R655,204.0,-0.953080743329235,0.17588776835516684,-1.1197917756230706,-1.0473240753567374,-0.9986903906930793,-0.9339543948376977,0.25051901637145146
snv_R658,204.0,-0.9680806340065324,0.1741326225021016,-1.1382982597724807,-1.0618608109463077,-1.0101391059540028,-0.9453438904817588,0.2736154905138212
snv_R661,204.0,-0.9887531011943462,0.17082537250883764,-1.167803480438373,-1.082078879418809,-1.0199967661542928,-0.9694348418852183,0.2837782467758524
snv_R664,204.0,-1.0097208696008713,0.1681690583565839,-1.197731892181377,-1.0991769830297151,-1.0317074121487124,-0.9826304956524751,0.2896325182583919
snv_R667,204.0,-1.0237211916043154,0.16889477128339211,-1.2425624720722575,-1.112385041312584,-1.0376240794862526,-0.9910468443205767,0.31320415571529314
snv_R670,204.0,-1.0317805227224517,0.17021954156722785,-1.279958745737127,-1.1173987168226276,-1.043629642584773,-0.9969684396395697,0.3393600222195007
snv_R673,204.0,-1.0344352891459916,0.17233139114599128,-1.299448678464895,-1.1188026739470396,-1.0436922592705251,-1.0000133853252364,0.3672676250696529
snv_R676,204.0,-1.0330981616000308,0.1750252845576178,-1.306650706338021,-1.1170871028758704,-1.041603307820555,-1.0000607454250596,0.3928769055861797
snv_R679,204.0,-1.0266728686762612,0.1779299300406526,-1.294625545753224,-1.1122666985484182,-1.0359356715032761,-0.9950751840612928,0.4157188315378074
snv_R682,204.0,-1.0096487263306395,0.1826958603089943,-1.2456393784754967,-1.1006821629275318,-1.0243633887487715,-0.9798414753223079,0.44149365638820687
snv_R685,204.0,-0.9739594463568295,0.19049436089527158,-1.1623367057840799,-1.0738664774828206,-1.0089613900638472,-0.94993076237793,0.470520035253827
snv_R688,204.0,-0.911100623066472,0.2035150469695183,-1.0900291502215955,-1.0257482477455713,-0.9776844406589997,-0.8767253762269639,0.49394174838906857
snv_R691,204.0,-0.8122974936841061,0.2237869206600329,-1.0013266818674842,-0.9678694959920956,-0.883013969263158,-0.7426593239876996,0.5183212727833646
snv_R694,204.0,-0.6807643528845451,0.24753309595495063,-0.9389496804729258,-0.8636477223689556,-0.7386174967807678,-0.5754216498064025,0.5475079115477228
snv_R697,204.0,-0.5295776450301384,0.26592632619908224,-0.8773983269239991,-0.7268375174789545,-0.5716338099685419,-0.3843200889724161,0.5677307758716524
snv_R700,204.0,-0.37402411222347787,0.2750799882450932,-0.7908949721387644,-0.5815567406603093,-0.4026430283197693,-0.20368874825039177,0.580859911323144
snv_R703,204.0,-0.2204470265841718,0.2763598760948686,-0.6850876877962616,-0.4271811091517587,-0.22375938102049575,-0.032965391796247266,0.603337691629414
snv_R706,204.0,-0.08095652428312917,0.2687684380507269,-0.5692401797793604,-0.2888017735448815,-0.06851964985255363,0.09939473530959747,0.6203325690231339
snv_R709,204.0,0.04743796082768704,0.2552011663136661,-0.4442075651165737,-0.14209612992191417,0.06968278118762067,0.2251710071763614,0.6360512273750045
snv_R712,204.0,0.16321398434183954,0.23642772384922123,-0.3149299943479994,-0.004600008483481057,0.19012492979911189,0.33492828471732666,0.660698175433917
snv_R715,204.0,0.27638088794986443,0.21506275053282375,-0.1773519059575417,0.1330272003423852,0.3010426872049158,0.4371722482167627,0.7157007906138213
snv_R718,204.0,0.37852560440117317,0.1902596915173677,-0.038249501758579225,0.25996550162027837,0.40369009312319715,0.5220297100638611,0.7590436792304616
snv_R721,204.0,0.4770905977535056,0.1650064178382284,0.10559187935481541,0.3728281152633554,0.5025903065123198,0.6054772792543663,0.7988756412079632
snv_R724,204.0,0.5650513722912801,0.1395976304411733,0.23907340824345336,0.4691832891247415,0.5884702353429165,0.6764568032374247,0.8307169882315671
snv_R727,204.0,0.6455878132294992,0.11635236325274849,0.36549276033488537,0.5603179337216541,0.6625204942762708,0.7381996324148287,0.8584552656027307
snv_R730,204.0,0.7135508567365118,0.09627917487519466,0.4579577709611018,0.6360797575892925,0.7268453411293907,0.7943818072726051,0.9027669294145013
snv_R733,204.0,0.7792005587069474,0.08082209967220881,0.4932115650363383,0.7230042942169287,0.7920778649436937,0.8411292025241045,0.950512750661953
snv_R736,204.0,0.8302297499139999,0.07027122578796652,0.5238904443566681,0.7904859883106473,0.8478328618622426,0.8846562458686145,0.9862608244332283
snv_R739,204.0,0.873656120510698,0.06420977042369036,0.5526475291947323,0.8431541907347694,0.8838128480058105,0.9195255272933021,1.0139893576421501
snv_R742,204.0,0.9091010331911831,0.061634832174955134,0.5765883827633558,0.881310363455871,0.92184621371905,0.949164168084739,1.036491339724952
snv_R745,204.0,0.9382708553645361,0.06127295375739736,0.6013233002877733,0.91725967790548,0.9543871193698072,0.9735598571467694,1.0515923709269621
snv_R748,204.0,0.9629016225468124,0.06210111858413209,0.6245206872527485,0.9473444064432923,0.9779379544514832,0.9984618390567431,1.0657220007829329
snv_R751,204.0,0.9828418012650504,0.0623781544141585,0.6432215880654234,0.9712736828751292,0.9977377146314461,1.0193882204302203,1.0741887018509868
snv_R754,204.0,1.0019380504209032,0.06256420525999327,0.6626646473215858,0.9911829815702214,1.017689425281775,1.0385018669129256,1.088406775489232
snv_R757,204.0,1.0192427249982845,0.06286332352314686,0.6936396875433839,1.0076925411221032,1.0377610712839669,1.0531232710171579,1.104284261536904
snv_R760,204.0,1.022419886195107,0.06223621069245559,0.7093472868054295,1.0077768343861218,1.0390734313766417,1.058369846561134,1.110871889834974
snv_R763,204.0,1.0076216414123533,0.0628859892115186,0.7162358360590638,0.9926102282513567,1.0236345319472036,1.0437852123087747,1.0910922033542068
snv_R766,204.0,1.0110559513830395,0.060663074662747306,0.7208207305709429,0.9959629589029295,1.0279038039915802,1.0455981620830541,1.0919594362447416
snv_R769,204.0,1.0210413950749815,0.05996176991500696,0.7346000208631759,1.0056530799443637,1.036213681246144,1.0551926319178655,1.0939915598089487
snv_R772,204.0,1.0249450742091843,0.05895945451891916,0.7486433706346786,1.0099758125279146,1.0404478813429403,1.0591514661751744,1.0968732319507213
snv_R775,204.0,1.0310940733282563,0.05778365760832587,0.7682315864575858,1.0171566875254021,1.0465476264485534,1.0632775255601141,1.1013900826794762
snv_R778,204.0,1.0287233701728442,0.056994740194427865,0.7699819681975533,1.0142818041908543,1.0431979855892952,1.0610326006113273,1.1015879787290064
snv_R781,204.0,1.0313895732202567,0.05566625959478371,0.7748105279029468,1.017969810078104,1.0457588321259264,1.0629871033608729,1.1049178547681522
snv_R784,204.0,1.0303303942775173,0.0542682576313943,0.775766606320269,1.0184234982116105,1.0438356855599682,1.0626308943925857,1.1024778572239997
snv_R787,204.0,1.0293646858384071,0.053265288726082154,0.7777261674927445,1.0165365093057026,1.044780735293465,1.0601295246371523,1.1024425602474284
snv_R790,204.0,1.0273151651772927,0.05194807471590061,0.7804457952647045,1.0155424231573649,1.0405442908390603,1.058955228601769,1.099885116738557
snv_R793,204.0,1.0295105559730602,0.050561961821085834,0.7883583561013043,1.0175567413676854,1.0422389593829515,1.0603310803331185,1.100006087752658
snv_R796,204.0,1.0277808703521298,0.0496587388730666,0.7863099280765518,1.015668379113523,1.0402255725268077,1.05738046840019,1.097355845823645
snv_R799,204.0,1.0344262359098253,0.04816060894617786,0.7991562034839317,1.0240281712675472,1.046906658841224,1.062771615578757,1.1038536122503733
snv_R802,204.0,1.0332022319165752,0.04771952883658439,0.7946238540135631,1.0206478092708309,1.0432599940779914,1.0620634260644255,1.1020125556031104
snv_R805,204.0,1.036095405680132,0.04696093115745503,0.7988610798216351,1.0234368427948421,1.0476481881271207,1.063817545767544,1.106326799377047
snv_R808,204.0,1.0362761127714355,0.046507953894169105,0.8018347561348088,1.023400293166206,1.045967271898578,1.0650537451922326,1.1046228334934378
snv_R811,204.0,1.0341635955574422,0.045832822248487504,0.797052921755515,1.0210151166443446,1.0437725815446066,1.0639023768092135,1.1050491550213173
snv_R814,204.0,1.0321957372019457,0.04539161756457015,0.7956326315190503,1.0187160845156487,1.0416534777190003,1.0591713502902074,1.1024901505540248
snv_R817,204.0,1.0344354078352551,0.04428937937752366,0.8042108942737438,1.021408607895299,1.0426525504341027,1.0607888046665113,1.104955474873851
snv_R820,204.0,1.031759057437733,0.043622166728087004,0.8055727042880663,1.018152137677422,1.0398025710643877,1.057889905364513,1.0987787864403114
snv_R823,204.0,1.0310007062593207,0.043309607523995326,0.8020743836841594,1.0188785150900532,1.0383345818690413,1.0569298536629506,1.097358688587506
snv_R826,204.0,1.0321060760486733,0.04296359877018041,0.805358401302588,1.0209913508234594,1.0396724934297792,1.0571299131161414,1.099833625229772
snv_R829,204.0,1.0295478773613231,0.04328834883859805,0.800974687060616,1.0181518131550475,1.0354654991169556,1.0544979107547177,1.0999294449676362
snv_R832,204.0,1.0315903192096567,0.042344333630257906,0.8060041542078138,1.0216022228716768,1.0388537421404043,1.0561381010904394,1.0986307133426612
snv_R835,204.0,1.0311089047300808,0.042227434212449455,0.812081380574708,1.021326589696253,1.03883616196825,1.0566325746749805,1.0999375098574933
snv_R838,204.0,1.0312869020094804,0.04226226872657082,0.8046789889546438,1.0206628982603903,1.0383381556051978,1.0547897352989175,1.1004931160013764
snv_R841,204.0,1.0368056823338088,0.04126251717325122,0.8168464018736692,1.0274361745904894,1.0433648696663105,1.059997328327744,1.1018658348262793
snv_R844,204.0,1.0406412727839778,0.040574903489055965,0.8245116326270576,1.030531947014556,1.0464616181129687,1.063600375602472,1.1017103454474786
snv_R847,204.0,1.0487812327472106,0.03963552044704914,0.8378166724820925,1.040107271536001,1.0544335500085118,1.0716878550885982,1.1120467856727299
snv_R850,204.0,1.0637517535958876,0.03836849114650105,0.8557832688559157,1.0540349665157984,1.0708150282148008,1.0857307552099646,1.1238738694172212
snv_R853,204.0,1.0711982132403046,0.03980751119148614,0.8597788927355475,1.05881464546651,1.0762602706398208,1.0948824055187059,1.1422072334224933
snv_R856,204.0,1.0655199599410388,0.041850269199880906,0.8485282009183369,1.0521295652618945,1.0703814249510313,1.0888434228148813,1.1433312367332344
snv_R859,204.0,1.057614418838196,0.04208074401920109,0.8408360455029336,1.0446986745983813,1.0632180884374323,1.0809933713193849,1.1387389673125505
snv_R862,204.0,1.0482543397928754,0.041636910334551254,0.834446056556453,1.0358909680092319,1.0554897845388909,1.0695529735993858,1.1256310520195028
snv_R866,204.0,1.049981810855344,0.040986722650161095,0.8398560754188106,1.03871016070201,1.0556836737320352,1.0723643821522948,1.1228726500161006
snv_R869,204.0,1.0493450748859146,0.04074393100288793,0.8373511606478365,1.0375182802403495,1.0573776582638867,1.0712598066676886,1.1225055269900142
snv_R872,204.0,1.050288528587735,0.0409031684689268,0.8448647075346092,1.0367903577567705,1.0572973299621502,1.0731742518725589,1.1255121329927051
snv_R875,204.0,1.0528859561180672,0.04126276117812106,0.845567829026606,1.0403907522861155,1.0593266276712496,1.075814228041573,1.1304458222749165
snv_R878,204.0,1.0544665208109807,0.04047067578511677,0.8548784247574767,1.0404655948724086,1.0619216184102465,1.0772898738894003,1.135612255640414
snv_R881,204.0,1.0536152005279484,0.040773699423957324,0.847953688863313,1.0392464661368686,1.0619193199657446,1.0756521234514207,1.1414963865724737
snv_R884,204.0,1.0579758868281797,0.04027215055019531,0.8604989486680471,1.0430971736053578,1.064276493860412,1.0807083980526364,1.1488106302452241
snv_R887,204.0,1.0563746814627315,0.04066869849365841,0.8543651173897375,1.0416658746837597,1.0636614498200445,1.0790434288936617,1.1594802584444337
snv_R890,204.0,1.057511166616241,0.04069730419533942,0.8582551692451664,1.0416889216879976,1.065575739663431,1.0792628876111698,1.1647879875904854
snv_R893,204.0,1.0613370105469602,0.040481875862903346,0.8630224260023405,1.045991373309104,1.068339438080268,1.083354114860977,1.1774711059226237
snv_R896,204.0,1.059732576066238,0.04043008462332621,0.8728044579055649,1.045177122718558,1.0667856990288005,1.0818009417973307,1.1833180158096481
snv_R899,204.0,1.0634452618141421,0.040838074763716856,0.8730015199439377,1.0473044178308824,1.0705854381534294,1.0854545134666116,1.1990150616544912
snv_R902,204.0,1.066931018941773,0.04042931195919006,0.8809754093089299,1.0508991474899323,1.0735516953010817,1.0883937248800573,1.1996023642760474
snv_R905,204.0,1.0695831778433293,0.04097634351533744,0.8824955373386093,1.0541065856198932,1.0758809238854181,1.0911878568016182,1.2092102381748475
snv_R908,204.0,1.0743420828084498,0.04047065166299785,0.9016319917180028,1.056117668859763,1.0800400214325325,1.094825009734253,1.225659302183598
snv_R911,204.0,1.07984333350916,0.04024693981180807,0.9068511966484634,1.0613652574535162,1.0851858718104554,1.1020641279042098,1.2347865424006275
snv_R914,204.0,1.0802086484396467,0.04041836845475068,0.9111547283729257,1.0621027800005356,1.0837744189519722,1.1028819128047145,1.2386129678543851
snv_R917,204.0,1.0909938069040075,0.039999737162240784,0.9239509197623793,1.073295713049864,1.0927480988769478,1.1155040613711018,1.2525758143513273
snv_R920,204.0,1.094849511707016,0.04029236216456755,0.9260502910293422,1.0742249999897948,1.095844469845562,1.1181260779175468,1.2602677678195242
snv_R924,204.0,1.0988736092772522,0.04034798431732161,0.930714693199472,1.0808392983923805,1.1008704903522608,1.1238783920536828,1.2707836571430837
snv_R927,204.0,1.107753521966007,0.040228207050056766,0.9417646658966647,1.0890719933512085,1.109574003636039,1.1320145865197793,1.2759355602463833
snv_R930,204.0,1.1099423376184685,0.04006250015552947,0.9475334685074803,1.091238199254005,1.1085513055466385,1.1320965195593078,1.282755862171477
snv_R933,204.0,1.1135823287473054,0.040840917491668835,0.9576760818282483,1.0937396314905905,1.1145866113063743,1.136580282229331,1.2829585060826707
snv_R936,204.0,1.1185222619467123,0.04141060252817459,0.9643544079643853,1.097169677702707,1.1180084458902693,1.1421939005287998,1.2948602337939141
snv_R939,204.0,1.1203340982458039,0.041759714105445246,0.9675843931382403,1.1022115597505084,1.120180888602132,1.1432833918186671,1.30240150547215
snv_R942,204.0,1.1266371196254668,0.04258468476871069,0.9808116555222663,1.1064511474858245,1.1249525858508318,1.1491778193921913,1.3208523261038045
snv_R945,204.0,1.1311813754725064,0.04300476327287015,0.9837246356117403,1.1111933537091057,1.1297791818626335,1.156583023781908,1.3275801297401142
snv_R948,204.0,1.1296433132955512,0.04387214263064419,0.9977876814175157,1.1087133692966542,1.1261711416395803,1.154968371226622,1.3294414459468504
snv_R951,204.0,1.1370787575702783,0.04514782293631881,1.005026762099087,1.1155244615096702,1.1335501818698752,1.1674343636523803,1.3208823362206787
snv_R954,204.0,1.135309053630145,0.04678714621841286,1.0002258895098601,1.1103481557116976,1.1331907234230407,1.1621858499778508,1.3383731023435184
snv_R957,204.0,1.1371240522813337,0.047516803392897114,1.0121920309170815,1.1111411862581946,1.1359139201804047,1.1659201811456896,1.3311649858340864
snv_R960,204.0,1.1428531669940292,0.048551506876497896,1.003032542258252,1.1195323551876855,1.1415196354298105,1.1718987261718012,1.3375379891928953
snv_R963,204.0,1.1457571655375862,0.05089347370440665,1.0059520940050297,1.1178180325322598,1.1427528856396245,1.1756444961674815,1.349847275940276
snv_R967,204.0,1.1529386703204847,0.050532031697960826,1.0124261937405912,1.1233935898900576,1.1503260170326353,1.1897310500544727,1.3654876262719065
snv_R970,204.0,1.164048855301175,0.05276775304188547,1.0126555447447878,1.1364487876710045,1.1615745370798258,1.1975660476426775,1.350966717199204
snv_R973,204.0,1.1683478375395147,0.05340832833006274,1.0168389759462142,1.136317943441034,1.1636057001785747,1.204190634681149,1.3804395649048982
snv_R976,204.0,1.1798471563462531,0.05488905994445129,1.0161236881097124,1.1489980533992092,1.1769354664599174,1.2178159594278914,1.38511912772103
snv_R979,204.0,1.1899871285028498,0.05670837838475106,1.028440403393037,1.155115543477042,1.1867277461281156,1.2300699093151897,1.4092233966781829
snv_R982,204.0,1.195315748420435,0.057128807897796695,1.0321937828024597,1.162556960403016,1.190903498444269,1.2330847428931841,1.4035855405046544
snv_R985,204.0,1.2083089639417828,0.058097461268080776,1.0388268313350209,1.1762432015172162,1.2050015315674178,1.2456280165300506,1.4354435834325274
snv_R988,204.0,1.2214808559373083,0.059562454888878125,1.0480175733685133,1.1868413813253202,1.216664797478494,1.262405631077677,1.4504309004302463
snv_R991,204.0,1.228387806260591,0.06082925382003307,1.0524450585174325,1.1918801464220479,1.2255350701735437,1.2700636157066287,1.461571705524698
snv_R994,204.0,1.2464972006280954,0.06214464447651749,1.0743665158544802,1.2063645417408109,1.241541303726665,1.2856940452753993,1.446336106350689
snv_R997,204.0,1.2567010463460424,0.06504003349492704,1.0695465849826258,1.2133751151312926,1.2563537967229226,1.2998836974198413,1.4767686356864014
snv_R1000,204.0,1.2677422544218317,0.06491622234733942,1.0939756788254347,1.2232091622075794,1.2662224532709359,1.3116394712511301,1.4647079018632296
snv_R1004,204.0,0.7666949970846842,0.07208087680776396,0.5203216510109276,0.7263071272740206,0.7726295425133586,0.8160622668983847,1.001567206034334
d1snv_R397,204.0,-0.043780229876019504,0.008045038112185487,-0.08247005528233876,-0.04663289717950502,-0.04252529047939131,-0.03797000471871088,-0.030325504590393567
d1snv_R400,204.0,-0.038734506453793026,0.006919703050243392,-0.07126973337892453,-0.04127591118179049,-0.03777119490774465,-0.033774339146222514,-0.026965552218586267
d1snv_R403,204.0,-0.033688783031566576,0.00581294839748041,-0.0600694114755103,-0.03606454113376947,-0.03290695299039406,-0.02949254389684797,-0.023605599846778968
d1snv_R406,204.0,-0.028643059609340105,0.004737813264701783,-0.04886908957209607,-0.030687962320513122,-0.028083012455874096,-0.025184896366513783,-0.020245647474971668
d1snv_R409,204.0,-0.023597336187113637,0.003721801537130903,-0.039434876030861536,-0.025569686818036837,-0.023088797153157724,-0.020955653347814678,-0.01688569510316437
d1snv_R412,204.0,-0.01855161276488727,0.0028293401215809077,-0.030943486030949558,-0.02036704997430052,-0.018378318821212512,-0.01654405426321747,-0.010623563295924138
d1snv_R415,204.0,-0.013542617108475282,0.002199270541885735,-0.022330037366882407,-0.01505829577399713,-0.013596785085159165,-0.012029442262166993,-0.0012166440890674752
d1snv_R418,204.0,-0.010044273469376976,0.0021756647792475874,-0.016187901800387282,-0.011386450182549274,-0.01024398267540616,-0.008670291470786646,0.006335478869562558
d1snv_R420,204.0,-0.007378839760644676,0.0024506464086123682,-0.012200622416744826,-0.008976587601026924,-0.007688987566244798,-0.005996129916669854,0.012464803622694849
d1snv_R423,204.0,-0.005194555323077169,0.0028434193092638942,-0.009803380372631329,-0.006938664312839181,-0.005557312497944784,-0.004036071538749876,0.017534286096048773
d1snv_R426,204.0,-0.003223130916726994,0.003255711274544316,-0.007814750226305867,-0.0051590426417147195,-0.0037019776825104747,-0.002148733377644993,0.02172045256280627
d1snv_R429,204.0,-0.00158837493022329,0.0036137731540211945,-0.005954632823590091,-0.0036668553431448737,-0.0021924643623415048,-0.0006936939018637148,0.02458300505174744
d1snv_R432,204.0,-0.0002451631630566843,0.0038921317203130202,-0.0047408982256071435,-0.00263602934210774,-0.0010370829480945685,0.0006325166632344069,0.02625158069790875
d1snv_R435,204.0,0.0007887584324164033,0.0040469461005717385,-0.0038688887250579863,-0.0018235196620410743,9.890346234821092e-07,0.0016825724846881752,0.02657410701203143
d1snv_R438,204.0,0.001536772220931008,0.004101670302561219,-0.0031035599428071796,-0.001054733218613419,0.0007048399512864158,0.002163694610275105,0.02590729130408445
d1snv_R441,204.0,0.0019634372310720367,0.004062268686803766,-0.00254211770073494,-0.0005659353689920679,0.0010297397024185296,0.0025643737568927017,0.025948317596424172
d1snv_R444,204.0,0.002115756139672822,0.003949278188589895,-0.002129979335016274,-0.00034565824104554137,0.0011525237685178244,0.0027401503134902626,0.02533548060779809
d1snv_R446,204.0,0.002024193872733132,0.0037896256662637686,-0.00200876352811193,-0.00035148742360174075,0.0010653568323767092,0.002658885034071053,0.023827096310389814
d1snv_R449,204.0,0.001766090653930843,0.003611845590406864,-0.001980497756817311,-0.0003551254384675283,0.0007730770711128547,0.0022022817066322123,0.021972607361671313
d1snv_R452,204.0,0.0013660711152225099,0.003415632663313002,-0.0019815214552512082,-0.0006438280517013292,0.0003744317762322313,0.0016500769230046407,0.020034825229735626
d1snv_R455,204.0,0.0008720646105478467,0.0031946160343074947,-0.002129499137803719,-0.0008919127483977081,-6.872990809594044e-05,0.0010644890112931319,0.017836532947995424
d1snv_R458,204.0,0.0003782562134352531,0.002932366046878726,-0.0022448908250113915,-0.0012350524817156612,-0.000525927733093742,0.0005013954502491615,0.015435732997513638
d1snv_R461,204.0,-0.00011905756101655996,0.002613935772847872,-0.0028259297877526505,-0.0014701952317434101,-0.0009192270559356562,-3.9023218920989446e-06,0.013324786448833744
d1snv_R464,204.0,-0.0005189555989701298,0.0022730751831973664,-0.003238909446020016,-0.0016549653054704107,-0.00124839709628499,-0.0004151344313771167,0.01222977754919795
d1snv_R467,204.0,-0.0008380757038301597,0.0019402721467694562,-0.0035922385670179888,-0.0017681268734798888,-0.0014325661316004616,-0.000789918219621789,0.011038999382867752
d1snv_R470,204.0,-0.0009917869114821284,0.0016996943259225427,-0.0038239223941786606,-0.0018063559022617301,-0.0014723260692843239,-0.0009147182183771845,0.01004074100301086
d1snv_R473,204.0,-0.0010074152701859906,0.0015930141231702978,-0.0039987155823516035,-0.0018255871931933993,-0.0014446723166839166,-0.0008875266293044803,0.009273081595481743
d1snv_R476,204.0,-0.0007890807056996807,0.0016956330079450422,-0.004069546837752795,-0.0017104827367395254,-0.0012801693813057472,-0.0005387893497890258,0.009213011130788746
d1snv_R478,204.0,-0.0003648119966987299,0.002070021155606181,-0.0040356948618048925,-0.0015431011807864258,-0.0010267558327395048,-0.00010503267773496498,0.010085054070874996
d1snv_R481,204.0,0.0003376818393911805,0.002782885250278519,-0.003999796311513698,-0.0013324808414430284,-0.0005978248995108359,0.0007330960815249753,0.012274221118609983
d1snv_R484,204.0,0.001293126029080074,0.003840310207960577,-0.003890013527944032,-0.0010981288165557367,-9.034054163653138e-05,0.0019673117286271658,0.017523917583970695
d1snv_R487,204.0,0.0025593515678428613,0.005226900916616951,-0.0037098029335951486,-0.0008184846924673764,0.0005819668359022802,0.003652613105204121,0.024706086942498928
d1snv_R490,204.0,0.004147551272266617,0.006879887588646524,-0.0034974383088050985,-0.00037565689579968474,0.0015566590464282295,0.005801571889496819,0.033222357452858495
d1snv_R493,204.0,0.006078974685969766,0.008738930269283927,-0.0031916504014493836,0.0001538377686632741,0.002785519207687587,0.008448404546133903,0.04257236336502463
d1snv_R496,204.0,0.008362968671777929,0.010738318444044994,-0.002857827280322292,0.0006529759166632575,0.004422290352504849,0.012141068415658509,0.052190926531095715
d1snv_R499,204.0,0.010988388923017445,0.012817447099903213,-0.0026323080608096406,0.0012935625872256236,0.006465818684340654,0.016132278349010452,0.06144250428963147
d1snv_R502,204.0,0.013938474398007175,0.014933034080876583,-0.0023883699110416735,0.001856091879210914,0.009099540349371266,0.021436255909215253,0.06981763620447731
d1snv_R505,204.0,0.017137337867285215,0.017033878954341254,-0.0021943204366756523,0.0023473185795446286,0.01228952287792865,0.02718153005149023,0.07743754264609384
d1snv_R508,204.0,0.02046733589378867,0.019043499709657366,-0.0020334040262570273,0.002828868913215796,0.015698338000743033,0.03265893084499807,0.08421115408949201
d1snv_R510,204.0,0.023645987130679638,0.020823241343029365,-0.001894773483221582,0.003185648610337631,0.01975117743768616,0.03717398877736836,0.08879109527720651
d1snv_R513,204.0,0.02640703959245788,0.02224282214498252,-0.0017572342005121933,0.0034041272553759945,0.023658774638079753,0.04150542826040981,0.09086999171808402
d1snv_R516,204.0,0.028383522247493156,0.02312083325008612,-0.0016608712636345196,0.003634560483478277,0.02699648095378125,0.04495045214515346,0.09012974858667364
d1snv_R519,204.0,0.029383209754617452,0.02334980896410434,-0.0015445863238415418,0.0034574620652288767,0.02931789133332149,0.04673089823509085,0.08688443690505615
d1snv_R522,204.0,0.029263861975717967,0.022856475522300444,-0.0014483957057488284,0.003253486687155761,0.030229017627629553,0.04600197154142504,0.08111795331853491
d1snv_R525,204.0,0.028049413942937418,0.021670283767249218,-0.0012830812343420117,0.002999333360626826,0.029802866036320715,0.04418450779860436,0.07375200800392176
d1snv_R528,204.0,0.025911534786767127,0.019908034857198522,-0.001097172189826401,0.0026942794086562034,0.027702820321150713,0.04102577674284355,0.06662741422661864
d1snv_R531,204.0,0.023101334940800026,0.017739945017528878,-0.001048329379527967,0.0023618736781623193,0.02453594959128054,0.036724255603389384,0.05950561616580064
d1snv_R534,204.0,0.019933732118103266,0.015374579787705076,-0.001045635107388892,0.002115193450705176,0.02100020627671556,0.031750931605123725,0.05206920351027941
d1snv_R537,204.0,0.016730373742372268,0.01303623574738953,-0.000997919796826373,0.0019682442782480323,0.017399314103498868,0.026457074463012927,0.04496068254076409
d1snv_R540,204.0,0.013686207210945179,0.010843778248935308,-0.0009231169198493638,0.0019759276401419877,0.01368195209456776,0.021470579569694864,0.040231125725159786
d1snv_R543,204.0,0.010777126025714007,0.008816112779254079,-0.0008407324355069855,0.0019619062988618634,0.009814193545732009,0.016952219320112975,0.035974578442676486
d1snv_R546,204.0,0.008039670997243058,0.007027896934726825,-0.0006997117162872827,0.0020264558865971155,0.006233859087732715,0.011824943198653546,0.032263041185734885
d1snv_R549,204.0,0.005317944991188143,0.005567290616409283,-0.0005507592794435295,0.0015636181918662645,0.003022413102242132,0.007639342016994855,0.028954415784630386
d1snv_R551,204.0,0.0025701520357421293,0.0047968374118147255,-0.002584826286388264,-0.0003720925499360419,0.0013169195438088492,0.0036974586255219574,0.027739670292270018
d1snv_R554,204.0,-0.00032958567673077555,0.0051384280291522765,-0.008842445953582934,-0.00441260336549731,-0.00011641766593430052,0.0018762026907707887,0.026542478238541414
d1snv_R557,204.0,-0.003331299608125903,0.006520290994766415,-0.015422466695844721,-0.008686579386402103,-0.004186971645473487,0.0012419885033020754,0.02529759414289313
d1snv_R560,204.0,-0.006207033877871877,0.008407030361693135,-0.021668274041552492,-0.013335465252622913,-0.0087933777654155,0.0011376699026154561,0.02417104068215211
d1snv_R563,204.0,-0.008677380226058006,0.010330459526147324,-0.026990140529782835,-0.017345505046325954,-0.012098335489766094,0.0012634780936555828,0.023245998362645803
d1snv_R566,204.0,-0.010527987627411584,0.011979971293605552,-0.031010546902009037,-0.02022968576386193,-0.014436122841642546,0.0013869675196384018,0.022328956562730727
d1snv_R569,204.0,-0.011540765802466511,0.01318720729115988,-0.03326395926649803,-0.022551322714482333,-0.015646325458845565,0.0018079920972094287,0.021790718664064665
d1snv_R572,204.0,-0.011687555149504385,0.013885315366669598,-0.03369502061717253,-0.023213139931752752,-0.01603387565896259,0.002257302417520751,0.023189023134373103
d1snv_R575,204.0,-0.011084280293657572,0.014143957842062568,-0.03312815314071842,-0.022840772092990357,-0.015878800187199536,0.0027334375186838502,0.026071689321754386
d1snv_R578,204.0,-0.009712804089734408,0.014012998082649298,-0.031160333374644862,-0.021288476928232082,-0.014655297099182316,0.0037105898020153537,0.02909208235107822
d1snv_R581,204.0,-0.007832969951255377,0.013614516726230487,-0.02804104560737183,-0.019107329261676933,-0.012749315207126601,0.004315786499455486,0.03212162656908754
d1snv_R584,204.0,-0.005622343378904579,0.013075196055783098,-0.02407328029431772,-0.016161479613603102,-0.010393184509889297,0.005297666891031608,0.03602694307303961
d1snv_R587,204.0,-0.003435355924387779,0.012584631637676327,-0.020070931581207558,-0.013376789910923205,-0.008220290905164108,0.0064330295932286605,0.039684714679030036
d1snv_R590,204.0,-0.0015806619772870776,0.012265268727455102,-0.01685570542797658,-0.011003763341620898,-0.006521841883201605,0.0075065197784936425,0.04533689506258203
d1snv_R593,204.0,-0.0003102993505906924,0.012154659646259159,-0.015003220593900973,-0.009465496675000951,-0.005370136003851481,0.008461186188801668,0.051451535803736216
d1snv_R596,204.0,0.00036266012840114806,0.012218841646186165,-0.0144921426419352,-0.008628703440468462,-0.004802681762866659,0.008560115228796007,0.057326594430270265
d1snv_R599,204.0,0.00038656786972999824,0.012383453803917978,-0.01499563888463396,-0.00876713177804505,-0.004689565162729905,0.00825562404107974,0.06266159032549777
d1snv_R602,204.0,-8.668070667655898e-05,0.012598211144368434,-0.01634940320209261,-0.009241246006599077,-0.004927821098446513,0.007591540261940302,0.06731431958955057
d1snv_R605,204.0,-0.000881544762795255,0.012774650440143098,-0.018073000122844123,-0.00992152314485889,-0.005399732342231167,0.007291156937999395,0.07102896172479191
d1snv_R607,204.0,-0.0017658162301180701,0.012859953929011896,-0.019874120344504732,-0.010774110602539728,-0.005930300222487981,0.006467075901029633,0.07373398334195667
d1snv_R610,204.0,-0.0023588140588692913,0.012770717156871853,-0.020922154662193247,-0.011093982729981092,-0.006122256941103802,0.004960843598438727,0.07547027292107841
d1snv_R613,204.0,-0.00258706997356839,0.012462348758972156,-0.020902188462189733,-0.01090229995325882,-0.0059988666762184045,0.004448538283187246,0.0760507814505477
d1snv_R616,204.0,-0.0023890054534502357,0.011927914448850026,-0.019621213941439133,-0.010166749284529328,-0.005555325569743693,0.004096013525719174,0.07573945228337303
d1snv_R619,204.0,-0.0020180253145585312,0.011228081881791323,-0.017760883556968712,-0.009145762801081009,-0.004946358711421919,0.0037071372910446386,0.07457572511525828
d1snv_R622,204.0,-0.0018357552374207698,0.010461524149404908,-0.016237635795625337,-0.008380994002373517,-0.0042881455343659804,0.0030847602102956973,0.07281727757105932
d1snv_R625,204.0,-0.0022973034366868088,0.009716835249272275,-0.016100264502604676,-0.008051341129897614,-0.004125166582277353,0.002040013791884082,0.07041221451639963
d1snv_R628,204.0,-0.0034958566719931615,0.009132908764428209,-0.01822364232412328,-0.008641219249507196,-0.004181890589439191,-0.00029084731736235244,0.06772003864545141
d1snv_R631,204.0,-0.005416715488129254,0.008829545326012354,-0.022850928133872458,-0.009858316628332581,-0.0050119368148030434,-0.0026989950555463653,0.06470723619063905
d1snv_R634,204.0,-0.00766991384701672,0.008901068846803268,-0.028864786603742768,-0.011936471966005915,-0.006715699280538464,-0.0039359189218839095,0.06175597127239257
d1snv_R637,204.0,-0.009834707663906653,0.009219208165268222,-0.03498403867459734,-0.014041095146389609,-0.00865246863579533,-0.004860583628179379,0.05871413331502198
d1snv_R640,204.0,-0.011685858488981533,0.00962935263221341,-0.040460536859995844,-0.016698455312228796,-0.01069238755600974,-0.005888917727301403,0.05551329286113219
d1snv_R643,204.0,-0.013223322930178813,0.010011299974783942,-0.04530563202359571,-0.018551449006663466,-0.011924767021890966,-0.006693932131409538,0.051706163388754174
d1snv_R646,204.0,-0.014530975923922518,0.01039659727930894,-0.0497612906141359,-0.019846690135338258,-0.012884110206808942,-0.007204472442323239,0.046825451873944796
d1snv_R649,204.0,-0.015396477790803971,0.01076301807318071,-0.05328693732435443,-0.020665788490104954,-0.013361742275006371,-0.007658482650996487,0.04123005402203814
d1snv_R652,204.0,-0.015603889426876398,0.011040053876173616,-0.055258391502493676,-0.020997443209512284,-0.01325910591504358,-0.007614231794591173,0.035921667384268004
d1snv_R655,204.0,-0.015130875344507416,0.011095848429309909,-0.0560409926365855,-0.020294959652617506,-0.012879562307115584,-0.0071644768395254564,0.03132571512819575
d1snv_R658,204.0,-0.01417952266939134,0.01090138535251852,-0.05522531292793901,-0.018656469536519754,-0.01194895881415477,-0.006470457292960864,0.02748076164230988
d1snv_R661,204.0,-0.012840102173317342,0.010430971233673073,-0.05365924405581172,-0.01674521186544697,-0.010573086073557707,-0.005489279581778627,0.02460240195367591
d1snv_R664,204.0,-0.011116894565539675,0.009595971101115418,-0.04980013325993403,-0.015015136345943179,-0.009111717725063861,-0.004317383939276543,0.022507476253308407
d1snv_R667,204.0,-0.008448970692999637,0.008043673323042599,-0.04073076572208352,-0.011610509274289357,-0.0063188389290490254,-0.0028245664772029487,0.02165859276042523
d1snv_R670,204.0,-0.004017216985637642,0.005408726813132847,-0.02582547641427582,-0.00624961145611912,-0.0025080560055991815,-0.0007674911355212256,0.022071743238229278
d1snv_R673,204.0,0.003064273734905403,0.003320446211541017,-0.0038713940587182228,0.0014557294953069435,0.0022953396625674284,0.003699031561481802,0.02329752811535716
d1snv_R676,204.0,0.013437002478950997,0.007578052283401371,0.002915534152872365,0.00732813931912778,0.012921772078699148,0.017674988144520738,0.03737601880191928
d1snv_R679,204.0,0.02724471086434656,0.014346572749653765,0.006091130888481774,0.015459005935792684,0.0264284290971721,0.03619652921662335,0.06540918270046031
d1snv_R682,204.0,0.04398094816358834,0.02108298403342416,0.011125673572218806,0.026562194253081366,0.04338439654101579,0.05827934491090233,0.10162662336750555
d1snv_R685,204.0,0.06265920825775652,0.026709451459713183,0.01871474840129951,0.041523664869820905,0.062074897439369295,0.08197349958204528,0.13495448804424368
d1snv_R688,204.0,0.08197230800744174,0.030640445790499824,0.024074072150879693,0.057106557699369453,0.08249491869901081,0.10514960854068091,0.1629660761456352
d1snv_R691,204.0,0.10010532063736052,0.03244044918665906,0.023216728788639212,0.07488695551597607,0.10025686703004993,0.12487407502531166,0.18265110120150577
d1snv_R694,204.0,0.11547939168516098,0.03198232140469215,0.02217014934371721,0.09144419550146224,0.11606007639924652,0.1401812220439006,0.19214751288416
d1snv_R697,204.0,0.12664342412101295,0.02947607208974391,0.020564127927155396,0.10612658145262857,0.129355588149055,0.14804677815577053,0.19039390401904108
d1snv_R700,204.0,0.13306284309409902,0.025671021443117833,0.01920423187180496,0.11629521082041079,0.13592781463931874,0.15099708832114292,0.1825599557118223
d1snv_R703,204.0,0.13438071341099325,0.021896495443308288,0.017970915516568667,0.12154079486846453,0.13912823012973907,0.14799156053558804,0.17516231130678486
d1snv_R706,204.0,0.13131215514375846,0.019869951682169946,0.0168224436377091,0.12485310316535966,0.13475754738139253,0.1428546559476001,0.1612524896607429
d1snv_R709,204.0,0.12501115531436996,0.020250420705312452,0.015822915337243098,0.12042628777814787,0.129757756161622,0.13676726566898542,0.15061389088548308
d1snv_R712,204.0,0.11702408442600938,0.022028549384875987,0.015433598140884271,0.11066208503563535,0.12486071902126036,0.13122487404947525,0.1413546762090476
d1snv_R715,204.0,0.1083150435244439,0.02395613021740429,0.015004725456570514,0.09733443915369235,0.1130277328613635,0.12793844309440014,0.1367433242630705
d1snv_R718,204.0,0.09977364994038289,0.025345899767548447,0.014678214998735013,0.08478291672059146,0.10262221309939756,0.12037364129687039,0.1340872274892093
d1snv_R721,204.0,0.09144483634669162,0.0259080418000023,0.014612684211591603,0.0752796515892705,0.09284634097007206,0.1120029709112168,0.1312226227460276
d1snv_R724,204.0,0.08314691448292376,0.025639798655468515,0.014521303405133983,0.06561410175558521,0.08296186096734637,0.10214750168386483,0.1268817000739527
d1snv_R727,204.0,0.0747851637943695,0.024600036922085643,0.014377150629048773,0.056898812514685634,0.07387052643791125,0.09243941539369263,0.12014136027079832
d1snv_R730,204.0,0.06623106928388965,0.022917851274116705,0.013819153599336846,0.049217122849094935,0.0648368349747041,0.08210529469307898,0.1111449263287761
d1snv_R733,204.0,0.057923323741926463,0.020708406917508092,0.013573147598164923,0.042179450309872434,0.05609318546570706,0.0720494673305733,0.10062428730266304
d1snv_R736,204.0,0.04985238236089141,0.01822004480146631,0.013068541540782363,0.03601183304916716,0.047816932165749296,0.061978539142334005,0.08925371920013145
d1snv_R739,204.0,0.04253194106194164,0.015584244957637185,0.012719056548717593,0.03100041454465331,0.04069155779270253,0.05241909693320162,0.07773840920428034
d1snv_R742,204.0,0.03602459583068422,0.012947142751033537,0.011730465595189712,0.02631005672289072,0.03423900366371968,0.04430024721957545,0.0662007492016011
d1snv_R745,204.0,0.029925551498576085,0.010488705381468275,0.010332461453324658,0.021957033505779856,0.028331518939479473,0.036601481054665784,0.055036509874333034
d1snv_R748,204.0,0.023435188658856108,0.0083681811963817,0.007644171040700789,0.016948553778540244,0.022208381398089116,0.02866381165496806,0.04369474038014569
d1snv_R751,204.0,0.018008452882774365,0.0065799561380876824,0.005451567848405352,0.01313374792709815,0.016967291843479056,0.021677757031210453,0.03433351595525948
d1snv_R754,204.0,0.013711235043291992,0.005072283227205249,0.0034552599732997086,0.00976562668615704,0.01292744361799436,0.016659642200427302,0.02656716201333384
d1snv_R757,204.0,0.010225516968266178,0.00388037590443752,0.002065237328969256,0.007350870969868557,0.009741234714193112,0.012508788364049669,0.01993362239026195
d1snv_R760,204.0,0.007577303602147504,0.003013872328001039,0.0007668619210502653,0.005443152426678826,0.007061337421950625,0.009486629537754778,0.01585523434349486
d1snv_R763,204.0,0.005303384573537761,0.002447389329947757,-0.000540166793752752,0.0035418779546585156,0.005026214946564312,0.006767913542298765,0.014722974985897544
d1snv_R766,204.0,0.003671857395131771,0.0021290261545717573,-0.0016178408884303039,0.002241239932787731,0.003640669224026035,0.00496578806358165,0.013816920205366139
d1snv_R769,204.0,0.002457214097837479,0.001971205052399823,-0.0022697432921880076,0.0011858013602118727,0.0023695734809386485,0.0034925970642443373,0.012926623196929434
d1snv_R772,204.0,0.001808574070789537,0.0018779719706990372,-0.002824649545166289,0.0007725321046596238,0.0018213128266283568,0.0027551145287936516,0.012150588270791924
d1snv_R775,204.0,0.0017613323050253542,0.0018321975172490592,-0.002526099169890767,0.0008052354011931974,0.0016962482147648745,0.0025583282895270403,0.01221071654575033
d1snv_R778,204.0,0.0019137949118135558,0.0017893654338546725,-0.0021179165814063316,0.0008540814040776334,0.0017718277941762895,0.0025719737768404058,0.012292146215481066
d1snv_R781,204.0,0.0011159978224278807,0.0018590902158175703,-0.0026832703295465517,-0.0001528762678242,0.0009909039321907309,0.0019188660042095704,0.012131947836099477
d1snv_R784,204.0,0.0006243230846132868,0.0018696507074825689,-0.003306889192342795,-0.0006477352605409745,0.0005059070471925581,0.0012975566509622644,0.011965429543644303
d1snv_R787,204.0,0.00040921523460427117,0.001856041886520874,-0.0033804583741148266,-0.0007529955671715539,0.00024642838713381993,0.0010120466418155705,0.011739407967917035
d1snv_R790,204.0,0.000427990173517139,0.0018226295283958907,-0.003134158622720667,-0.0006813802388854429,0.00024926783030624337,0.0009971743110295899,0.011843228041404839
d1snv_R793,204.0,0.0006890123733391223,0.0017833746916857836,-0.0026786494724389967,-0.00043611344951959946,0.0005095800083760385,0.0012401864150624223,0.01211155576044354
d1snv_R796,204.0,0.0006775905327463892,0.0017404151366006853,-0.0025871727677720794,-0.00041793991578246097,0.0005104331258932715,0.001193516052800199,0.012185925979821603
d1snv_R799,204.0,0.0006726932478118039,0.0017344950158910378,-0.0023908149841705578,-0.0004117924420088782,0.00047728864704725706,0.0012512099404481999,0.01234036106514596
d1snv_R802,204.0,0.0007044970131355804,0.001702046431959229,-0.0022710192041052978,-0.00036574444116418373,0.000476176926856783,0.0012444364891425791,0.012463917250343726
d1snv_R805,204.0,0.0005246551768229178,0.0016761268622800937,-0.0024024598799840613,-0.0004794414413504725,0.0003022218517986496,0.0011127659986560861,0.012290714748989656
d1snv_R808,204.0,0.0001767837818005067,0.0016466656128480374,-0.002599334571378156,-0.0008271560970372581,-3.7100225714938704e-05,0.0008084539285086758,0.011813662571443173
d1snv_R811,204.0,-3.459986195519452e-05,0.001604000171265126,-0.002743852372746039,-0.0009839937634550198,-0.00027255626377440696,0.0005154274295032955,0.011361510563110494
d1snv_R814,204.0,-0.0004802073896922189,0.001576013674391601,-0.0034867498334435363,-0.0013662714369494474,-0.0007286699853240144,7.348781778636365e-05,0.010574556466689753
d1snv_R817,204.0,-0.00048656586671426595,0.001535832922302449,-0.0034822739103650283,-0.00130757932789647,-0.0007032447128103988,5.604874451319809e-06,0.010338497655885395
d1snv_R820,204.0,-0.0005557896133473408,0.0015230688153500618,-0.0037221077674304626,-0.0013480906669099159,-0.0007524967276395308,-0.00013721019750157908,0.010092011714491577
d1snv_R823,204.0,-0.00044008284939101326,0.0014986767174905394,-0.0034440993974896228,-0.0012126071670904859,-0.0006272345234374305,-1.389328745620051e-05,0.010040868107375282
d1snv_R826,204.0,-1.995201416092136e-05,0.0014638341834744668,-0.00305614148880802,-0.0007329257045588769,-0.00022631866509527598,0.0004036441342449312,0.010221894896392672
d1snv_R829,204.0,0.000454481361110189,0.0014162149732314707,-0.002510255344575305,-0.0002680782707973456,0.0002142587986945907,0.0008168879060950628,0.010414552296654517
d1snv_R832,204.0,0.0011326872132599343,0.0013978116464257117,-0.001882379129704876,0.0004073389172351231,0.0008845224442575757,0.0015001658470107896,0.01093918385176989
d1snv_R835,204.0,0.0024627579063003736,0.0013974203287399284,-0.0004413288578140708,0.0016605742393139607,0.0022083725001240586,0.0028664908817263982,0.012080875244638434
d1snv_R838,204.0,0.003718809054580086,0.0014212124282264366,0.0006268611405136166,0.002952701819116968,0.0034486043314230497,0.004205694611575992,0.013535558368102605
d1snv_R841,204.0,0.0043168553904109385,0.001507431837965075,0.0011979474740693393,0.0033844355393217126,0.004194605478292487,0.004877415070340402,0.014250668974800344
d1snv_R844,204.0,0.0043020404493343736,0.0016088423608417118,0.0011311129677316198,0.003244939944497553,0.004332209891870654,0.004985907448686462,0.0146306831007926
d1snv_R847,204.0,0.003490335234255752,0.001623517457838279,0.00044996308726439824,0.0025072734295495613,0.0034791551332809985,0.004170391614716209,0.014685160230102438
d1snv_R850,204.0,0.0026984986007297738,0.0015350801166500898,-0.00022414413455111367,0.0017596591994864202,0.002621978133215669,0.003292777719690723,0.01364674736509003
d1snv_R853,204.0,0.0016842650729284297,0.0014489407738362027,-0.0011500444795731373,0.0007946155326481321,0.0015399391371516084,0.0021946591617910253,0.012303015403108707
d1snv_R856,204.0,0.0005568413817604211,0.0013347999692581033,-0.0018385417798665042,-0.00018337048730749864,0.00035634365560218307,0.0010210293846913917,0.010537459090780838
d1snv_R859,204.0,-0.00032423510014052524,0.0012724062015576896,-0.002751884607994744,-0.0010188834699648883,-0.0004966738849486437,3.8209639725275337e-05,0.008775271359516902
d1snv_R862,204.0,-0.0010704380149385425,0.001220260064099325,-0.0036728392240822404,-0.0016817861668708438,-0.0011870294884598505,-0.0007041307399289608,0.007425978467000476
d1snv_R866,204.0,-0.001537023563034454,0.001252841668541014,-0.00417956945202901,-0.002278633158137052,-0.001699655905243368,-0.001120948000030255,0.006214293389545855
d1snv_R869,204.0,-0.0010327673946532467,0.0013819970808825,-0.0035958194461259163,-0.002009748429801839,-0.0012065702329676499,-0.00023347643180261156,0.00570167386842083
d1snv_R872,204.0,-0.000142614882572343,0.0013810511558084665,-0.0027555263451415476,-0.001180103269711769,-0.0002979458916530388,0.0006382644060023483,0.006314394804841308
d1snv_R875,204.0,0.000624232518140615,0.0012839861353219138,-0.0019199895356061308,-0.0002676781461813426,0.0004945379246228953,0.0013583770511435968,0.006955952170812279
d1snv_R878,204.0,0.0012065777948657382,0.0011957641841373711,-0.0013449432634979976,0.00044001154879733345,0.0010323305621320502,0.0017539681196715182,0.007657575319968874
d1snv_R881,204.0,0.0011716027226426986,0.0011893728837904349,-0.001327510516818895,0.00042476134152829675,0.0009453653600550886,0.001742344926144221,0.007929234769260938
d1snv_R884,204.0,0.0012952641853375448,0.001174328124018443,-0.0009440779248939339,0.0005461295467785972,0.0011087265658292704,0.0017926110587875035,0.008469572108687807
d1snv_R887,204.0,0.0014202430922394913,0.0011660089257197023,-0.0009292767142995176,0.000663071337969901,0.0012266181834209456,0.001997375464310722,0.008383207834516227
d1snv_R890,204.0,0.0015573635688036812,0.0010978592224479534,-0.0006506145866505654,0.0009584015113940467,0.0013682727317041877,0.0020270134660669873,0.00827082028223383
d1snv_R893,204.0,0.0018770698703860593,0.0010910764937633718,-0.00023526232725991283,0.0012376032370054724,0.0016662641081285545,0.002342863267371202,0.008833950778025686
d1snv_R896,204.0,0.002337989944428878,0.0011237843424681518,0.0005123994540734997,0.0016348116186117162,0.0020943287579664547,0.0028333929029306414,0.00922818419535801
d1snv_R899,204.0,0.0025383812935267937,0.0011440075962484023,0.0005876737502601172,0.0018429345500779334,0.0023558147656120034,0.0030471534383517836,0.009215714213607904
d1snv_R902,204.0,0.0032251041172746617,0.0012547617609014413,0.0011289270915643408,0.002324963211691362,0.0030911974702049244,0.003848763978794882,0.009341834175384853
d1snv_R905,204.0,0.003699584865990937,0.0013483002310386264,0.0013430160097601287,0.002773571056995465,0.0035163884846119123,0.004375809278308339,0.009466386276309472
d1snv_R908,204.0,0.004069198055870427,0.0014700331928589566,0.0012508117869289475,0.0028804763360544407,0.0040220518012662985,0.00484577828794224,0.009442195760134253
d1snv_R911,204.0,0.004675103830905181,0.001610028145612223,0.0013919982376001195,0.0034090212976854795,0.004665991422718608,0.005526097788209767,0.009380392116292937
d1snv_R914,204.0,0.004871018332839264,0.0018287416476814318,0.0009427028555622939,0.0033586317705091373,0.0049055572521074335,0.005960935146102609,0.010117859086655306
d1snv_R917,204.0,0.0049784447309495165,0.0019365827521087013,0.000693222152442572,0.0036013583274142457,0.005019774202540514,0.0061684776178151934,0.010376034212998276
d1snv_R920,204.0,0.0050447542366020915,0.0021219267550000066,0.00027946498937409767,0.0034379520637859047,0.005233693064956439,0.006433484018559121,0.01065624872007919
d1snv_R924,204.0,0.0048690718504351945,0.0021185623372051107,-0.00015465777814859254,0.0033804476599695148,0.00503543459819996,0.0063240290950482775,0.009949090744370304
d1snv_R927,204.0,0.004778095066873399,0.0021814395351299944,-0.0004557151846943881,0.0031490011008856985,0.004935630074513763,0.006266527643513248,0.010372509031032779
d1snv_R930,204.0,0.004718334161697445,0.0022260531692145135,-0.0003752922355100185,0.0030886639524079274,0.004907609666984072,0.006333425337757967,0.010770417068929884
d1snv_R933,204.0,0.004141878135928742,0.0021890568510381683,-0.0011980133389783007,0.002624079777687879,0.004289530160415479,0.005666827618110351,0.009784052240671526
d1snv_R936,204.0,0.004042272176559099,0.0022728491784709108,-0.0014729566353069636,0.0023965756485435355,0.004024651122129545,0.005703592790664838,0.009102114550791266
d1snv_R939,204.0,0.0036535822031086634,0.002268549341123219,-0.001533457832228597,0.0018350630994539332,0.0037408662802315773,0.005320130289950152,0.00914163353494557
d1snv_R942,204.0,0.003199074381969433,0.002240914510747593,-0.0024821062719718053,0.0014187549361617368,0.003335874756808393,0.0048836346393543355,0.009333624074991624
d1snv_R945,204.0,0.00314160843984771,0.0022435784430217317,-0.0025780897747296767,0.0014348561295976952,0.003280307234461071,0.004769529864060831,0.009049172615436562
d1snv_R948,204.0,0.003016444694130802,0.002376954099840787,-0.0028700081485559165,0.0013063843699601919,0.0032791232728312963,0.004572085815124137,0.009241709866818937
d1snv_R951,204.0,0.0030906686099447813,0.0023866085754258894,-0.0032025667217393783,0.0014031333117274732,0.003219446256102254,0.0047920773178627,0.009302263319013057
d1snv_R954,204.0,0.003581566912365245,0.0025205415712183693,-0.00307846642162069,0.0016708039384358158,0.0037572416526245205,0.005384346068279762,0.010047280425413346
d1snv_R957,204.0,0.003952822811438301,0.0024489299419947655,-0.0028692835662938935,0.0022482505836934554,0.004093409222316694,0.005585493661519787,0.010387137683436446
d1snv_R960,204.0,0.004754087647038259,0.0024398135031121057,-0.0012278356186364665,0.0032593737167854785,0.004929963266326241,0.0063673797963014565,0.01074867904266801
d1snv_R963,204.0,0.005780401202133079,0.002442508541410416,-0.00046021432990154876,0.004227677721604528,0.0057727558988479545,0.007322451110113957,0.013029068310228039
d1snv_R967,204.0,0.006430432698099277,0.0023512401302604393,0.000359773633940872,0.004874975969483796,0.00641388898127156,0.007940430129993735,0.013500265009121165
d1snv_R970,204.0,0.007479612449794735,0.002299104082003715,0.0020760667923178018,0.006066800752616866,0.007500424639733341,0.008955045796776927,0.014636707932669546
d1snv_R973,204.0,0.00838343792844766,0.002245771967943969,0.003331741284468897,0.006923944232179166,0.008240466503354344,0.009702230466624502,0.015294166967105144
d1snv_R976,204.0,0.008916835599976804,0.0021418977344266777,0.0039436618073538385,0.007459627792555904,0.00864273221581767,0.010125563954328069,0.016414645655525095
d1snv_R979,204.0,0.00975621423636447,0.0021856772480775416,0.005121780901796049,0.008179343638692334,0.009571880111168893,0.010968074992244649,0.01656232280345282
d1snv_R982,204.0,0.010275585474724944,0.0023143243488586047,0.004735234540161686,0.008741353826328213,0.010167034268010265,0.011616101502288591,0.019169364331828368
d1snv_R985,204.0,0.01067996751552071,0.0023405307071051092,0.005795997038169227,0.008970852458108003,0.010420262361600964,0.011963888143235027,0.019172731639889334
d1snv_R988,204.0,-0.012128184633710277,0.0024064278324598485,-0.01852139796256299,-0.01383044512817187,-0.012055253079108272,-0.010353203865884258,-0.005003414825920938
d1snv_R991,204.0,-0.02968405031287838,0.003325812561507648,-0.04029478912164558,-0.03220400054703654,-0.02957854348851243,-0.027410658716486864,-0.023326753053890953
d1snv_R994,204.0,-0.047239915992046334,0.004585429200950962,-0.06418536181071963,-0.05021920083241013,-0.04678431683277763,-0.04404606338653391,-0.038096418064553314
d1snv_R997,204.0,-0.06479578167121432,0.005973800314773879,-0.08807593449979367,-0.06828864227870085,-0.06382538236701177,-0.06062170094302084,-0.05276480163139674
d1snv_R1000,204.0,-0.08235164735038226,0.007418990290184928,-0.11196650718886772,-0.0862150487239441,-0.08126883114955524,-0.07708515071563622,-0.06743318519824018
d1snv_R1004,204.0,-0.09990751302955024,0.008893342517418919,-0.13585707987794177,-0.10447431708848735,-0.09873876518024828,-0.09358268527943205,-0.0821015687650836
cont_BandI_depth,204.0,0.16986278605868763,0.06377347908601862,0.07363285321750346,0.12503414353559356,0.14881463561506902,0.2034048062247818,0.3885790838655425
cont_BandI_area,204.0,11.015676601423777,4.861818361877269,1.6336184264586262,7.593461680984346,10.010297264132351,13.916765615286876,25.750164257800954
d1_red_peak_wl,204.0,703.0706862745097,6.30039247503796,681.69,699.6,702.58,705.57,717.54
d1_red_peak_value,204.0,0.14303447250440865,0.018981804826867094,0.025593786277796522,0.13411153374736667,0.14221027368469885,0.1522199727434618,0.19214751288416
d1_blue_peak_wl,204.0,491.4923039215687,29.217178968588765,431.97,499.545,507.56,507.56,507.56
d1_blue_peak_value,204.0,0.019517652776017847,0.020076828565260614,-0.0047408982256071435,0.002584800768831866,0.015698338000743033,0.03265893084499807,0.08421115408949201
d1_all_peak_wl,204.0,713.7502941176471,55.081564740821456,693.62,699.6,702.58,708.57,1003.58
d1_all_peak_value,204.0,0.13614444063112952,0.05023136940731951,-0.13585707987794177,0.13411153374736667,0.14221027368469885,0.1522199727434618,0.19214751288416
